id,name
1b051dea-ee34-4342-a19a-687ade8b1e2e,Lien Bosmans
fb85e559-3593-4695-b32f-7c73f65a4598,Kimberly Schneider
6ccaefde-a624-442f-9e82-a473661df3de,Martin Barnes
a38b1c54-af00-476b-a96a-adef98cbc0b0,Amanda Garcia
26abd43d-cbf6-4eee-a0ab-9b75d5f79653,Brian Velasquez
ab76e694-a4c9-4bd1-bb8d-818973828576,Adam Rowe
f10b943c-52c7-4654-8690-fbd4246b224c,Emily Anderson
8a8f9075-79b1-4832-b911-75775d816849,Shane Yates
d0aa6639-55df-48c5-9f78-95ee79ab670e,Matthew Jordan
4a1c1978-a5b4-4be4-834c-e4594d75210c,Tiffany Turner
2b7118f8-0b8d-4dc9-b0d8-74f0dc30d9b1,Tyrone Ryan
93ec038e-ce8a-4c2e-b16a-3971b4e7dcc0,Shirley Stone
76f0d4a3-b5dc-4f38-b115-5f878bfa109e,Dr. Matthew Hancock
9e4ca6a7-fda4-4658-9cfd-f6a450441b20,Sean Bates
d053e7be-8f99-40b4-bb2b-f631855aff33,Sandra Dixon
d4cd386b-0cdb-4465-a2c2-0042cce07236,Kenneth Nelson
d7dcfca5-154c-4611-a5d9-0d9a1431d344,Daniel Cuevas
f00ff31a-a807-49f3-9f68-dd9ec7467853,Tanya Anderson
700d502a-bfe3-4b08-9664-3635655a2b82,Diane Hunter
4b4ce7ca-ebd2-40ce-a227-1ed8ed99fcb9,Joshua Mann
c44fe363-7562-4777-a13c-9fb698f3f472,Hannah Davis
e6ad2e89-b61b-4a06-a690-390a28f39eab,Jesse Moore
cdc97118-6c76-4c85-9e53-361aea3c7594,Sara Valentine
6329a3a1-ca26-4d4f-9a8f-13a0bc75a892,Angela Moyer
93e1ed54-b64a-4663-a506-541a5e782e74,Karen Garza
4a61c892-e0e1-47be-9db8-75bc52b35c07,Elizabeth Shea
492a7588-be0c-4516-9648-70e7fb14ad1a,Jeremiah Smith
fd9ec585-57ea-4a20-a70b-46fa42a68f66,Terry Obrien
8f3c1e16-0809-4fe4-b5c4-a676eb024e7c,Angela Armstrong
f171c0a6-f364-448b-b4fb-1c2d5b8e7745,Charles Waters
58287324-f181-4be7-abc1-f2b5534d9d2a,Shelby Gonzalez
8d56a2af-4a6c-420d-a727-e6156ca844af,Dr. Chad Chavez
f273b7c1-12bc-43a0-a947-081f7a317ede,Lynn Ramirez
3a1a1bef-1d82-4174-a11c-7f98759d4998,Justin Duarte
c2c40853-95e4-4559-9868-55b1417c732d,Emily Bishop
4ea2818a-c650-467d-b35d-1dfa2206a885,Blake Matthews
5aff7936-5b61-4c7a-a044-c9d08848ecc5,John Brewer
de0c79bd-524b-499b-8ecf-d9197a2bcd3b,Alexander Burke
4a74ecae-531a-4677-8a3b-9c305f3dad4d,Lawrence Clark
25afe967-fd21-40ae-86b6-a76b731cbc04,Leslie Hicks
7131345e-58c0-4165-aa47-bdeb7c94c3db,Jennifer Erickson
2a2f526d-dffa-4b63-af0c-7ed82fc62b09,Amanda Martin
a54ead00-172e-4077-bb3a-100541cbd417,Kathleen Rivera
ce9c72a1-b4e3-4f07-9675-d0e18d44a1d9,Jessica Valdez
bd9a5335-31b5-42be-9d09-26d6654d67f9,Derek Marshall
1c716f1d-ce6c-4815-9b4a-e6850e7b3ec7,Julia Henderson
ec49e5af-971e-4b38-bd58-95a949380bb5,Vanessa Schmidt
622b0df2-92b6-49dd-92e9-b9a7f48696f2,Ronald Jones
b62ed2dd-d2ef-4104-9b91-44e7434e4bf8,Nichole Garcia
93cfeb22-1ecc-4957-bf6c-6ace1d6b6515,Lisa Murray
57f55d54-7739-4be1-9ef9-2778ab049a94,Destiny Tran
5de9e990-90ae-45e0-a6ca-e2534a9f009b,Frederick Wiggins
7b14e9ea-956e-46a1-92e0-18b2ec420ebf,Latoya Harrison
6563dc50-fb4f-449e-9ad9-414cbee8fefc,Dylan Carrillo
1e602b5b-28a0-459a-9ab0-0c49b41bd1a3,Natasha Wright
aff0ef8b-835c-46a5-bd6c-c1e538bb19dd,Nicholas Gray
9e1a7c06-1ef3-474c-9b5f-a998f3c51729,Michael Walker
686d1717-99ee-485b-870a-c81bc079e650,Heather Gomez MD
8eb8ce27-60df-4e38-a6db-6ae0dd65efe6,Michael French
2d0f7150-cdc3-4aee-a2ef-0a037e26b151,Kyle Mckinney
dc8e1e8c-76e6-4ff3-8dfb-ef3c2c71e925,Stephanie Adams MD
773a9489-2134-418e-bfd5-b87d7f7c4b3e,Elizabeth Ford
6b5d60be-0399-42ef-a6e1-e3e0e9a2acc0,Mark Taylor
89e18c2b-404b-4c4c-9045-8891b12a327f,Richard Cannon
6012f440-50c6-48b6-aa97-bc37e85439de,Eric Young
01b162f0-6986-497f-bc8c-5f80f4983493,Alyssa Alvarado
9c760f1d-0406-414a-b011-0bb3e57583a3,Mark Barnett
98bafeff-7e47-48cc-bce3-9cb36857be8b,Andrew Serrano
86284695-7f19-4ae9-8c1e-8af535ca0035,Jessica Thomas
7719e9c3-5c4e-43ec-b0cc-5327889e823a,Christopher Kim
80f89b54-e927-4bcc-ac1b-815d9c4e80ba,Jerry Thompson II
22f66254-0def-42e4-b682-817d4394248d,Shawna Hill
f5cbd1d7-c7b2-4a99-bfc4-bd2c4b92e61f,Virginia James
61d5b1b4-2628-43eb-8295-286614526088,William Davis
56edba7a-16d0-4510-bb49-af43c6385a04,April Baker
f5428fd4-4ecd-4e49-ace6-210870f924d9,Madison Davis
6646403d-ad48-4470-827f-cc131fb09057,Thomas West MD
a5f4c63c-0866-40fc-b609-3dfed01474c9,Daniel Kelly
a53135e8-1362-4af2-a611-77d6407a1459,Alyssa Martinez
491d80a8-c454-4f4e-a2ab-658d39da7315,Shelby Ray
59cbbaf7-87d5-493d-84e4-1746feeb86b1,Patrick Walls
33f4005a-640e-4abf-9126-c1357da38b84,Charles Adams
85cc7019-3f7e-49af-92d7-c5473e532d3d,Maria Rodriguez
dfdc3844-6c06-4a14-809d-9c0f623f555f,William Kelly
b9727e71-9056-4af3-98d1-f86387ee4ad1,Amy Ford
124d76ef-cb86-42cd-9469-455334771525,Thomas Houston
02d20158-cad9-4445-8585-1e2063cf70eb,Kristen Mack
fa2cd359-af23-4907-9ae8-348bcd194150,Nancy Hernandez MD
5fae679a-cceb-46ae-9840-4225fb7c6c98,Jeffrey Gutierrez
84f45551-07cd-47a9-80cd-7ef4636dabba,Douglas Hill
aba24264-8d5d-4849-84b4-ed50c5ea1a0f,Alex Taylor
6da65eef-9151-423d-aa8b-b35d676019ae,Mr. Brent Ward
f3e3aa5b-db75-4c2c-ac47-da9a2bf5418b,Claudia Rodriguez
c14cd799-1287-419d-871a-84c81bfeb019,Stephen Young
034d0b97-805a-4389-8482-50813d37194d,Danny Walker
2e4cd5df-85b7-4a1b-874f-4f0668473c37,Francisco Parker
a352bab7-c92c-4953-be38-71f953a0c495,Leonard Jackson
18e96526-8915-496c-9beb-8b0860800b8c,Philip Haynes
7451b91b-6c58-485e-8f7b-60c818921583,Michelle White
ef9abd63-970e-49bc-a474-30fc2a43b052,Melissa Davis
049c12a9-8fa1-42a0-a136-4805a556824e,Ann Morris
77ff6c87-4a31-4440-9ce0-0fd0b090cfd2,Kelsey Taylor
6916dd74-0d3d-430f-a3e3-20f467b7a6a0,Robert Skinner
b69eceb7-3a86-4a32-b4a8-adfe6ac4a388,Mary Pacheco
cd45a6c1-ecc0-480d-b1b8-12cbdecb5ca3,Brenda Miller
f5a028c2-7746-4bd2-9c7d-8d45f9f30890,Christopher Torres
f76e400c-1f96-4154-aa3b-f8a477268e1d,Cassidy Gaines
10bd6410-c2d0-47a4-9674-ff8dd18779b5,Misty Lee
3b79a94c-2893-4538-99c7-dd73732c46fd,Kenneth Lynch
bae3e594-ebdb-4254-baac-6955c237e5de,Deanna Torres
831382c6-ada0-4c75-81f1-55ffb80673e8,John Price
e3688cb3-dd0e-4944-b502-38655adcc73e,Brian Johnson
e0f3a9c3-f538-4b64-b93d-aa7e6701bb37,David Leonard
4b781f1c-a42c-43cb-a325-eec3c5021b7f,Matthew Dawson
0ea87854-4029-41a3-862b-39162c26a4c1,Wyatt Bates
dbb49027-6de2-4790-a94c-e667bd4fde62,Danielle Gray
572db5ed-dcd9-4ed2-9e7d-e033ed7bb255,April Curtis
b28de275-9455-41f0-a04e-f552a6372232,Luis Francis
864261cf-424b-4e84-9196-815ca6f3f777,Charles Oneill
15ae1ab6-4e96-4f4b-986a-224cdf5a0c71,Rodney Gonzalez
70c5f0db-cba8-49c5-af0e-0c1ec5474edf,Kristin Frank
85bc7a84-6ce5-4078-aab1-afe949bca123,Cynthia Alvarez
dd4eccf1-1055-44bc-bc4c-27aa74833683,Harry Taylor
c71f816d-c97d-4b20-9d39-09026a2d2120,Alexis Cervantes
8d1f2f20-4930-4595-a11f-e33c2df864a9,Ernest Bowers
b8947207-e371-4eb4-b06a-600fa9cb3bc4,Ashley Santiago
740f712a-cf21-451d-bff3-879437980669,Roy Stewart
69ca5828-59a6-4830-b345-3baa9847a8b7,Brittany Rodriguez
9d9e08ef-a611-49ea-964e-7c8f0e9ff169,Sheila Fisher
36a16235-e0df-476f-b139-45a104df03f4,Connie Collins
c14dc6c5-045b-4daf-ad0b-fcbd997aeb17,Matthew Bryan
ae7a7a89-5d8c-414a-a29f-2b30b5856a65,Mr. William Baker
96206919-54d6-492c-9a09-881d8e665731,Crystal Mendez
6f36a9c7-2614-4c0c-889f-bfdef46c71d9,Robert Campbell
06fb927f-a893-488d-86af-5aba3c70e235,Carrie Wilson
13ba273f-e3f1-4b0b-bbda-36174fb9ea86,Miguel Palmer
81c89795-feeb-4801-b4ab-f2149cc3ea1a,Michael Baker Jr.
108ed913-9b0f-489f-9376-a3e8c7fca821,Abigail Lindsey
d4bdf46f-fe91-4514-80cf-454176a4e328,Richard Martinez
268714ce-ef29-431c-8066-dbb7db8fac27,Melissa Wood
9940c038-5e98-443f-ad7d-55689bfd393a,Traci Maddox
0faa8428-c21a-433b-8a34-7badda9f6a59,Elizabeth Montgomery
c90eb997-c1ca-46f4-b2cc-5d0d6bce74dd,Kevin Marquez
62793712-43cf-4bd4-8b6e-579a9441a64d,Lisa Martinez
78406354-f781-4e0e-bb91-8daebd562ca1,Jessica Bauer
371b0a88-4c1a-47da-a025-2d75f80188a4,Alison White
9fe4b25b-c380-4146-8297-2178a1f30bff,Debra Morrison
adecb04d-c1e4-47f8-a109-4255262fecb8,Craig Owens
13ae83f7-7dee-4370-96eb-8f1b55410b1b,Karina Zimmerman
cb0ece10-45e9-4332-99c5-f9a3cb1c35e7,Amanda Hodges
1fb25286-ab90-49af-8b69-a240f3b16ea6,Rebecca Smith
2a2cebad-3288-4466-9733-02a7fd7bcb34,Wendy Bowman
b725b1e5-9a80-4a95-88e4-f7527f311790,Erik Mason
fc040902-efc9-41ca-b95e-3e00a8f12f7c,Bradley Monroe
8b929ea7-39d5-4f38-908f-670f6eae2c29,Veronica Buckley
53e0af95-c17e-4997-b88c-384809990789,Arthur Evans
ede41629-0497-4b49-a81f-8871a88c98f2,Jeremy Shannon
f8fc9d4f-eef5-4d97-a08c-8ca36cdfaf4b,Ashley Franco
019ec255-6c37-474d-baf4-8fbb77c5b78e,Robert Phelps
eae88c35-4588-475b-b51f-4792778cd293,Christian Schneider
62a0838f-4c0b-49dd-984d-8b2f52b2bb5f,Ryan Mclaughlin
10539323-5c3e-40e2-8d55-7802dd6f89f6,Angela Stephens
9f14c4b6-065e-453a-a9cd-b03a21ded2d8,Gary Horn
41097fef-6341-405f-a0de-a72e615b7cab,Erin Rodriguez
edaf039f-2242-4088-93e2-d5b85e161ff9,Timothy Gutierrez
898d5ff3-e414-4980-b336-d40488a35d1c,Mrs. Megan Scott
f6d624db-3e23-4fed-bdc0-7278498da6aa,Lawrence Brown
04c8687b-eb67-4392-84f2-da94ff1d6290,Casey Martinez
1de35550-1ea6-43fa-b9b8-e3c8ce32160d,Jill Contreras
e8293f31-afb8-48af-8376-dc72fdf57d63,Lori Chavez
2917eaa1-e02b-4904-91b2-d0a450244b25,Karina Thompson
457602d3-fc4f-467f-bfbd-14f83ba793fe,Ronnie Anderson
375a926c-66ff-4805-9544-6cb093062fad,Sean Carter
4c4055d9-21db-4227-b890-9f993ed1a64c,Donald Thomas
36fa3cc1-f3c2-4fc0-ae63-68518be110a6,Anne Jackson
6865301f-0619-4189-971c-ebf0a36a2281,Robert Torres
8d401087-a9be-41c9-a684-b13cc2c8f89b,John Simmons II
0cdd5d22-a895-40b5-a16f-65dcbfc65a3d,Christina Howard
35d776b3-a23b-47f7-b988-ca78a6e3cff8,Debbie Lopez
765867f5-b4e9-4151-825f-3698e63a3218,Eric Austin
513f5f5e-bd5d-47ac-acef-895ee912b17e,Carrie Russell MD
5b44e801-2e29-409c-8841-0f80a67ff9d6,Mary Deleon
2c5eb617-5f61-4f7e-8e0d-c1c4b1eb117a,Jade Martinez
b2457dc1-4af7-4d7c-a327-ca8286080b87,Stephen Miller
bb4fadaf-da36-4ed3-bffa-c0ea443eb7ed,Keith Cook
28787026-7f5b-422d-9ec2-887ff2f4c70f,Dr. Erin Turner
f018c232-3df2-44a8-870a-8bab5802334d,Jacqueline Pineda
e03761ab-b472-4db5-8a0f-a556f44c7ca7,Lindsey Ellison
4561c682-249c-402c-a8a4-daa2726d78aa,Mark Smith
01863bb3-46ef-40fc-97f3-e80f033fcfb4,Scott Reyes
e62de83f-baf4-402a-9444-f42c01c4803b,Carol Lee
99170e5d-7a78-4c97-af47-aeb5840ed22a,Sara Potter
737428c5-d3ec-458a-8081-ff5f5f94be8f,Jennifer Sheppard
6ab38a55-4e80-46bd-ae90-c645ba2ea7c8,Laura Holt
01872832-c6b2-48fb-9098-bf1c0b972533,Julie Taylor
c5a423ee-6393-4d80-a119-bb0592a863ef,Michael Dean
02434c19-03c5-4cbd-94ab-81632ae9276e,Kathryn Day
1af8a1dc-e9dd-48cd-b316-e16df676e584,Kyle Martin
ee2829c2-fc72-43af-a592-65224d5ff356,Michael Lucero
c7b774cb-d8cf-47cc-88f1-eaa280de7508,Lisa Mendoza PhD
0a020d8d-27b1-4cd4-b475-3c2488ec5bc0,Ryan Austin
a24200fe-0ceb-4dcd-b538-4a687b030a15,Russell Mitchell
43607967-3083-4f08-8ede-eadc532583a7,Michelle Roberts
aef96104-d750-4e22-bd9c-d86f37d7e4dc,Scott Chaney
24cca833-f382-4e2e-af16-6c41f511e5cf,Maria Cook
dd4f5b42-9ff1-4b3e-a448-5582834690ee,Richard Pitts
3288d1ca-8045-45ed-bfbf-a0b2339bc975,Michael Meza
2a8b95be-5d42-41e3-aa21-207121f76867,Theodore Anderson
23f22618-c909-4d0e-99f6-0eb84412a26d,Kenneth Moore
4583d5bc-4e32-4c1b-aa27-36b9bb8cce21,Scott Thompson
ff22268e-d3ae-4606-9b93-e5c938e35b2b,Justin Taylor
c8e6032e-8006-4096-bf93-53fc2b4b9f98,John Mcgee
82e2f6ab-a436-4a09-a71c-47c5ed615880,Amber White
17d7bf09-21d9-49c9-b956-6cb827781958,Vanessa Coleman
fb5036cf-01aa-453f-8754-d109e61a088d,Mr. Clayton Kramer
42467f08-2b34-47c6-bcf1-deba10e28f2e,Kerry Tanner
bd71c62f-3653-4c68-bfd6-011b57d220ed,Michael Welch
d4ba0479-9205-4976-892d-a7bf5059e876,Stephanie Koch
54195869-dfd9-43b5-b172-0e0aac2a5255,Kathy Thomas
1fc8fd58-78c6-4271-8f0d-8fcbd305c11b,Jacob Reeves
8ccf3cc7-b145-4e77-910a-114d0daf5137,Andrew George
6f955494-2a84-4d9b-9dc1-ca764170ceab,Brandon Parker
7a83e277-8009-4b94-8a5f-c16abe30be94,Kevin Castro
9f518778-37c8-491c-9f29-3d18b281333e,Chad Walsh
b440d9c7-b67e-4ff8-903e-9d4b409cb057,Richard Martinez DVM
505383db-9889-4113-99ea-36524f24c47e,Timothy Navarro
c721246c-1543-4c1b-8702-d747ecfdd24d,Christopher Robinson
ec8503f3-6806-4ebd-a34f-f3d481986221,Randy Lyons
9bcac9e8-d2fd-4bc5-a3d8-26e3e096c9a3,Stephen Mercado
43949fa7-5b4d-44ac-aff5-4fb997a943e7,Cathy Castillo
40100acd-4b42-4a59-81a6-b8cf956f285a,Jonathan Harris
33950215-bb6b-449f-80c8-8a71e1179b0c,Mary Gillespie
1b413587-cdba-4581-8e15-8cdc33303834,Sarah Smith
790c08fe-dac9-4051-90b6-6a9bfc247489,Katelyn Alexander
0ea8cf97-e46e-4e05-821a-ec2a14ba97cf,Dylan Lopez
6bb3642d-807b-4cc7-8571-dd49d2afb178,Samuel Thomas
b3b7b15d-3569-4ede-9769-c48feca1adec,Daniel Small
d83e168d-885f-4e81-95f8-476a2a9396ab,Haley Obrien
86a68a7e-736e-41f6-85b8-02fb3236ffe6,Elizabeth David
b4a606f7-47be-4024-b3ab-8bbe7d84cb43,Shannon Alexander
da970473-0495-4533-9458-15a7b302f1b7,Catherine Navarro
4e6d35bd-4148-4bf3-9c38-b7e050c257ce,Kaitlyn Allen
f18b9b13-5e0f-4782-8a14-bf4d91718311,Emily Brown
edd8c44a-c3a5-4720-9914-6558108f31c9,Edward Bush
f4836af7-d019-4a4c-a224-7233caa8c030,Martha Pineda DDS
e771c22e-eb1e-4576-bdf1-08a8018b8620,Margaret Bass
b47d0158-39cb-46f2-9ece-e4ae80221564,Omar Tyler
18a8b9bf-c075-4434-802b-d306e4e8c3c1,Megan Forbes
5af2d1dd-f3ff-42be-b3bd-532f8181ddc8,Maria Cherry
e2e4c964-ab23-4210-a8ee-ceea6eb90f01,Sara Henderson
509de024-eb3b-4f52-bdd6-63c29b428548,Brian Church
7b56ee4e-3858-44b4-9b0c-369d77b79c2c,Patricia Dickerson
b94a392e-0073-46dd-a282-06938b954915,Mr. Adam Carey
052663f1-4fed-4a38-9728-67ae21c9c393,Julia Velazquez
2f6d5565-4e71-4c60-aa36-3f2416b68bd8,Barbara Koch
cbb5c4fd-de35-486c-bedc-397808dda9d9,Christopher Barnes
0dc197e8-b4d6-4740-91f2-a81a4ba619ae,Judy Alvarez
4cbc2ba7-b5ea-43af-9386-245c9de4a964,Donald Diaz
2bc6ec8c-5092-48e1-8b30-790e515d6a92,Alexander Johnson
62ce14e6-f408-46e2-9639-b0f17f3d1e0a,David Buck
0992aae2-4117-4b22-a363-b2463c783363,Amy Farmer
0dc2403e-f27c-43c9-9b47-8d07cc98670f,Katelyn Thornton
3e2d18fe-b6d7-4536-8816-1acff95dab97,Brenda Kent
e77ba423-e24a-4897-afb3-87ca57cd2fb3,Amber Cortez
c6f547c3-a722-4910-8d64-32eb19352618,Roy Young
921a5ab6-c945-46ea-9fc4-8111eb2d2493,Mikayla Rivera
53844612-c0ed-4e98-84b8-4d5fc49d0353,Derek Smith
fe697677-359b-415b-84f9-366183edf36e,Carolyn Moore
07f2f2ee-d823-4baa-bddf-56e46feb0875,Kayla Brooks
921cd48c-af2a-4d32-a83d-34fd2d86efa0,Debra Hall
2b12b686-cc59-4ec4-a4a3-64ebe247e3bc,Mrs. Shelly White MD
f5a01a5c-1f58-4d18-9c9e-1b72de605e55,Misty Reed
b9385bce-fcec-4148-8af9-e796d71ecfb9,Michelle Herring
3c257252-e78e-4e99-a2c5-445beb7ab250,Latoya Garza
79ba1813-21d3-440e-a95f-38107264e8be,Katherine Griffin
d4689930-dbc3-4889-a03d-e3ce3b1abbe5,Barbara Jefferson
b1445e09-f4e5-448b-b50b-541d105bbff5,Kelly Palmer
9569d4f2-6c9b-4a64-9a33-398a310ede53,Cody Gonzalez
23b5b221-34d8-4f52-98b8-62e6c0972f90,Kerri Wilson
fb82d107-b35f-438a-96a9-d512d50f19ef,Matthew Chapman
70c7ebe1-775e-495c-a0a7-1c9344e9ed07,Andrea Page
6d3fa966-af7a-402c-adf6-0e3e6fbf9dbc,Christina Roberts
5b34899e-e232-4ff7-a1c1-d9ce02669950,Julie Fuentes
0a6378c2-90ce-40f3-85c3-b22cef4f2c59,John Norris
a87bd93c-cdf1-4340-9c9d-e2dc1ef48e56,Kristi Washington
5e3667eb-13d8-4ba6-a804-1b515dc5029b,Kristin Mcintyre
5a17e106-e238-415e-9806-d6de5506024b,Allen Nolan
b96e5020-5c73-4b9f-92f0-b349a764c7f9,Brian Clark
b7f4ed4e-7fd2-4b2b-be39-54c8a976cd0a,Travis Johnson
8a7e35fd-571b-49e7-987e-64c2536cdc19,George Cross DDS
0b508c8c-e542-4c93-b257-8c0080a22c2d,Joy Peterson
604d7c31-db50-4533-96f5-248c186b28b4,Yesenia Mcknight
3cf57b79-7768-4008-a431-3ce16222648a,Wesley White
7a16e5ca-4bcd-44ba-871e-5945386742cf,Jessica Wade
cd54e331-5f73-4786-a32f-ab65953d1e34,Dr. Melissa Russell
1976408d-5ebb-43d4-895e-9d00cec62d3e,Nancy Austin
5c9023fa-62a4-43ed-8645-9ebb612ace4d,Jonathan Arroyo
022220f0-e849-4dbc-b539-abb8bba8d5f6,Jennifer Singh
ecc58c04-9ac1-4e16-8072-ce53ad2d18e4,Tina Collins
2d3bd9b8-4513-4c04-91be-41a13a5c9f8f,Lisa Lewis
2b7e6107-f4db-4242-91ba-5049f66c5a2d,Gerald Hicks
7d8402d5-3f9e-4670-88f0-d9ae6368b4f9,John Anthony
fa798b4c-8ca2-48bc-a981-05a1cff038b8,Veronica Garcia
fa972fce-c07e-4e14-a7cd-1567aa63fdab,Dillon Jennings
3351b3ac-cf86-4a33-8f9d-1e7e5b1051dd,Leslie Cruz
ca0054a3-8543-4dcd-b4e2-0b2509227090,Lydia Knapp
93539d3e-86f2-4b9c-9389-63340d151e2e,Jay Cruz
365760e8-2a46-4e90-afa7-48e2d34f0667,Tracie Martinez
76e029b8-ee12-4560-bae9-f71f8e46fb19,Amanda Nelson
651a1841-8879-42fb-9ee2-ed6b5fba1d8a,Leon Oliver
604b6059-73e8-4904-8a9e-831d39d851a4,Daniel Mendoza
370243f8-cd7b-470f-ada6-45e948382f77,Cynthia Owens
0fecb54c-b910-4ed1-8740-95b70b1c3999,Michael Harris
7d3aaf72-903e-4e65-b529-7e9d9d4e2a9f,Brenda Hall
79b4a93e-f155-4b59-9874-28b48fd4297c,John Hughes
9eb35ae5-1ebb-4f43-a4d4-849c98442bf4,Julie Robinson
878eef62-9890-4197-b239-113c9a8ba0ab,John Marshall
41b25d65-7bc0-4a1e-ab0d-80773e98f593,Robert Black
b9c51986-a59e-4f11-9a21-666370f295bd,Deborah Morgan
225c9d68-3eb2-42d5-a76a-715fb9e67120,Jacqueline Morris
296502f8-935c-40e8-8205-2734ddbaf5ea,Brandon Lindsey
ccce20eb-04df-4ea3-844c-1dba941ba104,Jamie Hughes
09fd3636-b1e1-432b-911a-9d01217ce3db,Gregory Hayes
a77aff55-cee7-43f2-aff7-30cdd5c718a7,Brandy Ford
ff247d1c-7588-42b5-971f-85721feee24a,Diane Davis
5f0aecfd-df44-4325-80b2-7ba3d14439d4,Nicole Martin
4c865745-db0f-4fe7-94aa-a8020cb914bb,Steve Blanchard MD
477c318b-284d-49e9-98ab-240755c323d1,Garrett Black
c16eefad-95dd-468f-8143-38d331e5c049,Jessica James
2de90c8b-1512-404e-ab9b-9d2d760e4fab,Amanda Johnson
59da3461-5d39-44ca-b665-4d7eaff43505,Megan Wyatt
3a9c3555-1fc6-4e99-b38c-4f4632e73227,Brittany Barrera
b8044a6d-0e32-45fd-9eb3-52d48e01efcc,Kevin Martinez
c5bb5764-899b-460e-8211-1a0f6c0dc102,Christopher Hart
d79d0c0d-7129-4611-be14-170b100813cb,Larry Ward
137241df-3834-4a8d-82d4-8f5631512bdb,Charles Johnson
ce9ebf58-b7f9-4fb9-8c82-2ff9ec2e17a2,Tracy Gibbs
c640b6d3-46a1-4973-b561-a7c610b0b862,Amy Wolf
878d90d7-bf00-47f9-9571-59dc927f765e,Brittany Turner
daac8de8-13bb-4bc3-b145-56a5a095d986,Carrie Abbott
9f559560-7ab1-49e3-87d7-a60580690a76,Ryan Huynh
7fe5f827-d7c4-4c50-ac09-264003a9361c,Ashley Porter
a860b0bb-4ccf-47cb-8343-02eec0e0a817,Kathy Haney MD
79419389-07e3-428d-a599-b0f2efb9857f,Cameron Smith
61fd3a49-1c68-434b-ba14-5412fad2ba1e,George Bennett
e18947b1-4ff8-4d82-b578-46d23d6a966c,Susan Stephens
a5446644-a733-4033-a8c8-6ffae5b66978,Gerald Odom
aad2de5d-ee64-4169-b1cd-be2ed0ca0410,Devin Clayton
4190d662-7d30-4412-8a69-96727568d588,Dwayne Johnson
0254cc5f-ec1e-4da5-934e-5e7f29c96a96,Kimberly Kaiser
e3a6d0be-1dca-48d1-b808-311cafc23276,Alex Rosales
e0cf66b0-90c8-421d-97c9-b4446b66dc1c,Brandon Shannon
00e390f0-3359-4255-90d1-2913281d3154,Christian Young
721808fa-3927-490f-9338-ba768b1dc581,Brittany Morales
8ed77b54-d3fc-45e9-b381-404c679aef5e,Paul Grant
316043d7-52b5-4559-9b72-304eb2fc6b6d,Douglas Brown
f11f70b9-eee4-4c09-9e9e-5a6b426c4e0c,Chelsey Ramirez
cef67721-f76c-4879-bcd3-08ecbc3ce2f0,Vincent Rogers
7a7784f8-2a2b-41b9-8d18-7a859ecc9723,Danielle Griffin
7f9187df-2a6a-459e-a646-dfd558bba52c,Gloria Huynh
0600cda6-4b11-4bc0-89e0-a101b2bff82b,Patricia Johnson
c466c660-da19-48ec-aaa2-6e46157ef388,Ashley Lewis
a45431e4-e018-4173-9b56-99de09ac814d,Gene Frazier
7c375baa-a39a-43f7-a9e8-ecc100b7cb3e,Ashley Sullivan
142bf71b-dabe-4734-be06-93045e0b8694,Jose Cook
c1788e0a-e61a-4b0b-bc24-f239dd792a1c,Zachary Turner
791768ac-226a-432a-9e0c-714b741ff8de,Clinton Knight
4e8ba5e7-cfe3-46b9-98c7-14e579807657,Joel Young
54fcf749-0eb3-41f8-8859-3e74b42235d6,Manuel Price
a913a8c1-3492-43fa-a17b-0f1cde5929bb,Casey Miller
8b649aa2-d7d2-4747-b144-76ea13f73017,Kimberly Stark
e84f2d42-76d2-44ee-be29-3e6cfbcb8cbe,Melanie Ramirez
7f6b6f5b-532c-4310-9184-17cdb2631c3d,Rebecca Roberson
f0d6e173-ecb0-4cb8-91aa-34b7657bcc21,Mikayla Cole
53ba44b0-787e-4113-9725-c8f77905cc67,Brenda Morris
161dc8f3-a0a8-4003-afd8-ad844929d32b,Cindy Matthews
286067c9-f06e-4f1c-81d1-e3d814a1e411,Cameron Fuentes
7f0b395d-efc9-4b72-92b1-0706634351d1,Wendy Sanchez
a2eb2f35-fe4c-45f4-b4c9-0451ee2fe1b2,Paul Thomas
5faf3c3b-26b0-4fbc-994c-730b482bdecb,Dana Wolfe
bcc56f72-e395-46e7-981c-424a599b27b6,Monique Martinez
a452b834-2920-4d0f-bc08-1411ec973662,Roger Campbell
dfcd6d1a-8eb3-4963-8a67-ab880b75fdc7,Kyle Logan
569e899e-14bb-4418-8ad9-9296988f0470,Cheryl Wilson
8326f2b7-f2fd-469d-a9be-8fcd1a838ab5,Carla Jensen
6ff8f25c-daa9-43eb-a203-e29ded090a27,Maria Nelson
759df9fb-8d11-4feb-bf14-2619b8255b4a,David Baxter
53088617-9bb8-4ccd-9383-bbcf1e71328b,Nicole Hall
f7193970-a0c3-4ef6-a29a-792f21fe0c2f,Stanley James
6599bde9-84de-4c63-8f17-bb36ad4aac75,Ellen Jordan
65363303-ca1b-4286-846a-ee61275ff3aa,Benjamin Davis
452105b0-d48d-4fad-b526-862a304c02dc,Christina Hall
134b72cc-8191-4237-bea3-d45d60a6dfb9,Kristen Jacobs
90338528-cdbd-4dab-9d7f-9abf7ad189d8,Robert Kim
31aea22d-97d3-4bf6-afc1-66c011ccb536,Carolyn Ramos
9dde9f91-7671-4b38-9007-d1b98337fcd4,Joshua Harris
9c2680ce-8a8d-47be-aa08-5e3652889ab9,Mindy Wagner
659006dd-d6c3-44a3-a30c-e3064822e364,Matthew Walker
87d88d94-3565-4ae5-8bee-e06c0e310e6b,Diane Haney
2e647b25-51c6-4aa2-8b1d-03d2a0ae22f4,Rodney Brandt
fe5372e7-5925-4783-b2b4-c739870b6f92,Sarah Yang
3d61916d-2672-4177-9191-e675fb7f7502,Joseph Robertson
4d423b2b-25d6-48a1-a271-d6e316aaf2a3,James Brown
23ab8c0b-3d4f-4fb8-b378-40c394670e8c,Omar Reeves
a4700ab3-56ec-4866-a251-52aa39da2a0a,Elizabeth Snyder
404c2b3f-5952-4a1b-a4e4-7fce41e65bde,Shannon Taylor
d3948341-417e-4166-87de-5c1044da3363,Katherine Lutz
8f950c0f-738d-40bc-8af4-274d41b60cb3,Carmen Arnold
eb23ea65-d58c-47cd-ac19-e68fb3c043c9,Melissa Austin
f092114e-e664-4eeb-95d2-6d58fdfe658f,Christine Morgan
2cdca916-b106-4b34-9fdb-5b4cef20540b,Amanda Wolfe
d68fa85b-0fc4-4769-8d9e-b2f64c432f64,Elizabeth Arnold
80bf6ca4-d3fc-43df-8b79-60dbd0272ea7,Linda Thompson
447863ff-de4a-4649-bfb2-1a13b94b9ca6,Kimberly Johnson
06c7d1e1-cbb9-4b67-b94f-d01a7884abfc,Christine Brown
78ecb15f-cd90-4366-a66c-752eb166705b,Mary Wright
123a7f50-c6d6-4534-b8c0-da038a42f4cf,Emily Parker
b364fecc-234d-4494-9ff2-3da322612576,Peter Green
666654d2-11c9-4063-b6ad-2020bbeb346e,Eddie Glass
35196823-59e4-405c-9996-e31586ae22e5,Tracey Giles
32d5c4cc-55ae-4ab9-a668-42b9cb5b7cdf,Tammy Patel
cef84036-f417-492b-b8c2-da1907eb2b69,Chad Willis
258bc93c-3b74-4490-8789-457faa04d5d6,Sara Martin
7eb9defe-72fa-4c95-bb8d-9c423c50986a,Nicole Morgan
ee1def9e-f278-4907-abdc-b73b2630c47a,Sharon George
ef75e9ed-2fa9-4a86-82c8-ed3e67dfa184,Misty Robinson
4d4deaa5-23ae-49e2-b5da-7e9fd3ddcba2,Daniel Chapman
cb4ac8f3-c1b7-4a6f-aa11-892ed8975886,Stephanie Reyes
1470c124-63ff-40c0-9d1a-a42297825c4b,Emily Liu
5953e7d5-6e40-415d-b53a-f558e08ffe62,Sarah Edwards
9fb0df72-c5fe-4051-a0af-d1430f15044f,Walter Saunders
d93d6504-b714-4b4e-8a98-c8d6ce6e78f8,Martin Greer
6732d5fc-b0a2-498d-aaa0-ed9a01e7b7bd,Paul Huff
995056fe-8878-4e23-a5b8-968d37bcee10,John Barton
50725254-1f3d-46b6-844f-111c2999ce73,Jermaine Young
7284b5a0-b81d-4efa-8be9-2cb00ed270e6,Tiffany Scott
e453476f-07bb-469e-99e2-a990799a0296,Samantha Ward
07f72e92-4c51-48ff-88c2-93ffbd916964,George Sanchez
e892c25f-5ebf-44b9-8679-b3262b85403c,Allen Harrison
e9962710-c6e6-4d19-9721-ad308446a06c,Brendan Figueroa
3c43ea96-144c-4173-ba07-7a8e40192d21,Maria Cabrera
a326b695-5071-4ab3-b617-f1dc98aa17e9,Dillon Coleman
31d22605-72ab-4f8c-99d6-62e61f00a915,Ashley Smith
db5c29d2-8217-46b8-84e6-a4d6b22a507d,Christopher Mason
3fbbf68e-b282-4700-ab80-b6abf629950b,Roy Phelps
5620b555-33c1-4c64-9037-212485c9c4d5,Erin Murphy
b3f64838-2ff1-4ef7-a443-97070f71aa15,Rachael Kelly
d39503f3-351c-451c-a6cb-1ab0d1ff69b0,Laura Sparks
b613ea3c-e94c-4f03-9be4-0897b56f0049,Leah Hensley
927f1ca6-c081-4989-aff6-e56dedb9231f,Jeremy Cook
974a0417-869c-4de8-a9b8-6c539fc1bcce,Samuel Wise
154592d4-2aad-4477-aa87-71f659b08cac,Reginald Smith
0013dbbd-e581-4688-802b-929341e2e70a,Angela Roberson
2ed8490b-caae-4f24-96ec-b3f109be3d39,Erin Moore
c86fce4f-cf1a-4931-858b-ad851615eb73,Charles Hernandez
a08b1921-a21d-4343-8653-55cc947de1a2,Janet Martinez
5fa5775a-f770-456e-af59-e06bea389e27,Caroline Miller
7394e9b9-6be5-4ba5-b8b3-a600c7c19a5e,Derek Francis
e98f5464-24f9-44bf-87c0-be293cfc5e09,Jeffrey Torres
ea879ce1-add5-419b-93a0-c723e03b44bc,John Paul
020a3c57-f1e5-447a-8d6d-b7ac4ed817a2,Jeremiah Smith
248ee107-2f62-477f-8773-2519de81eccc,Andrew Foster
94cad397-03c4-4dfe-9392-da2e71e0d472,Carrie Silva
be787aff-9548-4136-abb0-3ec33cbd1961,Joshua Ortiz
1e1e2224-0088-405f-ab45-edaf3c35b72e,Edward Young
8bb3f285-eb93-4aa4-a6ec-d9d51bac9a3e,James Jones
52b0c447-50d7-4b0a-983e-73142db7861a,William Smith
ac0f10c5-64bf-48a1-9f19-12bb0f68b71f,Mr. Leonard Mccullough MD
b732afb5-e614-408f-8f5f-f729bd80cc6e,Sara Spence
c6a9e09a-a370-4a61-bb00-c7abc328a87c,Brandon Perez
c9dad9c4-5ce2-4fe7-8a44-bfecd1728e07,Amber Clark
138ca60b-56d3-4373-bbeb-16b226aaef4e,Adam Murray
98829304-eedd-4904-99e5-36951a65f69d,Patricia Smith
2e363c36-e391-495f-8903-c34cd8c580b3,Christina Williams
7a4736d4-3feb-4a04-896a-381d4a38c9fb,April Meadows
a0d3d927-867e-4f85-b2e5-1a72449982c2,Nicholas Cohen
63161795-39d5-4a4c-abb6-25fc9d6b446c,Linda Snow
fa80b008-26a5-4c27-9982-9d864a4fced0,Adam Barrett
c10c030b-2c5a-455e-9383-b9e9eef2fb89,Maria Shea
7c2ecd09-9c95-43cc-afdb-84aefd8b3322,Gregory Rodgers
88cb7d40-5cc6-4c07-9e05-36f51cd92938,Eric Mack
1e0f52b7-09f2-44a1-9a80-3b35df52abc9,Steven Wood
39777e16-6e94-4d78-b041-e2b9b0af7e07,Wendy Tapia
c30e17b5-6254-4e4d-bddd-1b3b3e8aaa10,Whitney Salazar
11ffe85a-4f1c-4f9d-a17e-ad1a4d938761,Trevor Bell DDS
bddbed05-acd1-4795-b9d2-c48107a383fd,Christopher Owens
97c259b4-b031-4d23-bc7d-2ae5c50b4439,Christine Wilkerson
53b702f9-958a-4ddc-b388-7dbe2ae3a346,Maria Garcia
8c4fa3ec-79b6-44f8-bbc3-8e2087cf57ec,Katherine Zuniga
1a818f4b-0d3e-41e7-99d0-64a2fb92b4df,Whitney Collier MD
26837a5d-22b3-4ce5-a92d-789bcd482020,Michael Leon
0c242d77-ec99-4e68-ad56-fcc7827faff6,Justin Miller
cb54c548-b582-4db1-a87d-b18bb8650111,Brendan Atkins
9d3f0d83-d6ab-459f-a261-121855d037bb,Megan Jones
d192cd3f-311e-4466-9f67-1bfb6ca9eee3,Madison Mann DVM
ee481125-e730-46e8-8b56-aeb45311c160,Elizabeth Lewis
19612ed1-549e-4ad4-a58d-7089294d2141,Madeline Smith
1494ee63-724d-45ac-ae0b-4aee014dd290,Amanda Kaiser DVM
42719491-c76e-438a-b570-4b34ca589e1c,Jonathan Davis
1e008636-f8e9-43f1-9c26-4e18c0023f3e,Jonathan Schaefer
2588ed10-dac1-47ed-8e03-56c4cd9c7e7b,Ellen Crawford
79c9279f-1e50-4e11-be85-3b37580e8bae,Frank Montgomery
c761a143-539a-4d65-89e6-6659f269d7e1,Patrick Bowers
9722ec0d-0274-40b4-a342-8c0ba6c4fa68,David Sharp
28d08aca-e988-4620-9a42-0758492c425a,David Donaldson
4a4da956-b0c3-47f3-8c14-a6ab327eafc3,Christina Gonzalez
0af58cde-48c9-401d-b0a5-e5ab6895c0ec,Joseph Adkins
2857561f-ab3a-4c25-83e1-2af228981692,Raymond Garcia
da19b492-ca2c-419f-b993-b05735e86e42,Ryan Serrano
585aa45e-b403-46de-9518-2b8d1c1b4ba9,Derek Brown
cba3f4e0-db8d-4fcb-b07c-8f46053892f0,Megan Fischer
946580b8-af2e-4179-8b4c-940fb4df81ea,Amanda Harper
9d8330d6-ed45-4274-a718-54468caeeef6,Christopher Holmes
c3896675-6b9f-4a30-8272-a9db8adad835,Anthony Jimenez
4f013243-85d5-4f2e-a1b8-6c962854fd3f,Eddie Brown
bcfe0a34-0ce8-477b-8f8b-196eaadb0274,Jeffrey Foster
b58b2464-c13f-490f-a214-5a9eb2a2b68d,Nicholas Gray
5a371d4c-8caa-472c-a02c-a3d311c03922,Gina Porter
12e14bdd-3129-4aa1-ac8f-88d7500e8262,Adrian Harrison
f060c9f4-7f3c-45a6-bf5f-188009d5e072,Bridget Vasquez
653215ba-3964-4a55-ba49-e5fd499ee21a,Nathan Webb
eacf87ff-1f3a-4316-bc9a-b91da2249914,Kathy Thompson
982fa01d-af4c-42e0-8900-94ff8ccb45d3,Timothy Clark
72846e98-c28a-4a06-85bf-84577c1d57b8,Roy Torres
f99c0e4e-e600-4453-a358-aab80f17861b,David Lewis
67cfb39b-2cc6-4997-b193-9a153275bacf,Samantha Arnold
38cbd0a9-e24a-4d7b-ae41-b6682d2016c3,Valerie Parsons
86266c46-10f5-4f79-aff7-27039b6114e7,Brett Webb
e5035848-99f4-4520-8d23-42c0fea8668d,Jeremy Martinez
82c08f23-46bb-4e44-989b-f550d4778368,Troy Lynn
ca74068f-4519-40b6-b2df-bda0cf693eb3,Daniel Burton
baec7329-88f4-408b-ab5c-b6e839b27aec,Ashley Anderson
cdead000-9230-46aa-a0d9-f4683fc70182,Brendan Rodriguez
5d2782ab-db1a-4b03-91eb-a0871a9b038a,Kevin Arroyo
e1791f76-02a8-4e7c-8d36-8a600e9b9507,Matthew Sullivan
fe16b93d-beb1-4eab-8d57-2a4d097d5276,Andrea Jackson
45d4e8a6-468f-4451-9182-0a219fabc0f8,Margaret Roberts
35ba864e-0a28-4258-86aa-e4514c82acb4,David Thornton
20544af3-d65c-4cb4-b851-db2269de2ce7,Nicholas Colon
18ebffc6-8031-4de6-82a2-4ce57c211bd4,Jaime Wood
fd8a25af-63ea-4263-92a8-70db940007db,Kenneth Holmes
fa570021-7068-4117-909f-2677c96fe4e4,Holly Walker
276902b2-6fa7-4632-a5df-3aaa95889821,Stanley Crawford
cffe3d09-1255-4409-8f70-22076b9ec544,John Chavez
2904c135-1e15-440c-a840-4fc1e2b75d3d,Jennifer Patterson
bbf57c52-8feb-4d8c-b9c0-83fb3dba79ac,Patricia Williamson
399cdae9-3e7b-4c05-8626-56a4e7b965e7,James Brennan
f8f03763-303b-482c-bec5-90752d2e3cfb,Melanie Scott
50fdfdb4-cbf0-4b7d-95a3-cd52645ddbc6,Alec Ayala
0cb60ab0-d126-4251-9a01-660c3573ab68,Christine Gonzales
38479735-4ec6-4bf7-be90-fdf26dba9db1,Daniel Greer
65c3c3f5-7faa-4802-98ea-e930052865fb,Jeremy Stokes
83b139a2-093c-4eaf-b3c7-e0c8c2509fc0,Justin Perry
6985fefd-1cc8-4335-ba38-4c30759a29e7,Jill Reynolds
5443e521-63c8-4eb3-9342-e68c3709839a,Kim Gallegos
4bf756d9-ba7f-4a7a-9417-f831bb3d4a19,Jennifer Manning
af538412-afc3-4be4-be00-f0adc21409a1,Sharon Hardy
29937132-6910-47d1-9002-f3cc0ea5511f,Jeremiah Sandoval
a4ca9c6c-7a72-4b7b-a223-13fc140f21ba,Greg Acevedo
a81db1dd-2850-4f7c-be46-b6a0fb15f11a,Anthony Green
c6ec72ff-64d6-4383-a3a7-f45325a77efa,Kathryn King
c1579169-82db-4258-8b7c-118513e4715e,Kimberly Gonzalez
70d7570e-928a-4bff-b295-b513867fad8d,Glen King
70162aca-fc55-4ca1-8564-feada701ec47,Nicholas Meyer
a02a69da-5b2f-4ded-9205-1e6d5fe76a31,William Lopez
7675bd6d-ef31-4fcc-a593-463b48581bc1,Thomas Williams
2c5fac77-59cf-45b8-96b2-e5a2fbc157d8,Kimberly Mccann
e6b38cf6-23a1-4645-b442-b7209f83ca78,Denise Stone
85050d7c-4388-439b-8542-805a6582ed29,Shari Mills
c2447ed8-9490-4588-89ea-f5c57c7f6339,Dustin Martin
ed60fc3f-8131-4659-852d-f010a116add1,Kevin Booth
b2c9c0a3-615f-46d1-9be3-d5fed321dcae,Steven Escobar
dd1fdf3c-a3c7-443c-b45e-619201783e6d,William Wang
b507a3ce-75f4-4445-82c9-34e40bb66738,Frederick Singh
9f414046-8d12-4183-98b5-0e755425107f,Dana Williams
7e80fa18-3c85-45ee-b53c-547e9a7e859a,Jessica Bowman
bec50f86-ca77-4b9d-826d-c1707a6f228e,Richard Goodman
ff19b0a6-d4b8-48af-815f-886d6301929d,Tracy Powell
b8bd6448-9796-44bf-9f90-869acca12d28,Lisa Mason
3695c567-2bec-4b7d-9224-9e4527a27479,Janice Valdez
3579c108-d1b2-4116-9006-4ea517f2b753,Linda Williams
cfdd0b24-9623-484a-a8b9-91cfe4779c7c,Sherri Hernandez
ec18f350-db72-4af0-9cda-a3f1be0d192e,Gregory Anderson
d4232c85-4c62-42c2-80da-0b8f0b4618bb,Douglas Coffey
f3c48f12-262b-4634-bafc-86df73619c62,Adam Rice
7fd899cb-70f7-49a0-8589-ddec5126c1aa,Joseph White
b37690d6-8ca7-4e6d-9bf2-240045b8cbaa,Taylor Hudson
bac9664c-515f-49da-9343-ffed2e8becf9,Natasha Johnston
0efdfd62-4804-4f3a-a115-b5ad999f4d6e,Matthew Morgan
256cd7b5-a7ba-4b28-8b24-f6d3d6ab7c80,Victoria Terrell
007508c4-b857-4c95-8197-551d9c26c981,Kelly Wells
294283f6-bed1-43bb-ab7f-8531a58bc1f6,Tamara Odonnell
9e8d61f5-494b-4f50-b203-22b9edc2f0a7,Mr. Christopher Price
2c27a269-003a-4477-8d09-fc1a96338637,Tony Mendoza
93353f00-34e5-4400-a117-53e7f2442719,Heidi Miller
8e29721b-43d1-463d-a22a-0f816c97f22f,Carrie Johnson
c53d86f7-06b7-4d51-9e19-c7be8b9d3d7a,Rebecca Carr
621f7134-4f1b-4ba2-8aad-7f3940a32acf,Amy Hall
55c76dac-a2c9-4dd4-ad99-4ffab44e88bd,Margaret Houston
5db8f456-fc19-42f6-9f98-2572eaeb1de1,Alexis Graham
574ff596-57f0-4813-81d6-4131ff21d67c,Karen Oliver
db959f47-cb03-4617-9516-d5293fbc60b0,Jennifer Atkinson
d627baac-dfd6-42bd-af29-1bb76abdbf55,James Thomas
31481919-4aa0-4457-94f3-3158515ea60e,Michael Vaughan
3fb5e4a1-69aa-497b-967c-dd89e4c048aa,Paul Gardner
1f8d5419-78a5-4fa5-854f-0d0f63cd44ea,Alyssa Martinez
682d1205-2f81-49be-83cc-625546eaee11,Mrs. Denise Allen
b8c13f08-2785-4a0a-bcd0-e51c229ff0a5,James Lopez
61574f5d-223f-49d9-b810-7f9c87c3dcbe,Rebecca Rodriguez
830dabd3-c990-42c1-a2e8-f69ca8a03dd1,Michael Rodriguez
30805d69-1878-4537-8477-79f2b9bae4a1,Vanessa Sanders
b8ab072e-ac5f-481d-8e06-56f9406e4c2d,Regina Chen
7649b14a-c9c7-42ef-9391-65d4a4fd5cc5,David Oconnor
5445cede-36df-4014-948a-f4ae4758739f,Kevin Graham
9155b9e4-9888-4b38-9713-f916c45f566d,Michael Acosta
28501da7-5bc8-4fee-aa38-9a79fd59e276,Howard Copeland
59f43686-e8ab-4022-be1a-ea21c9c0b990,Eric Porter
4f063938-41fa-4165-8c8c-2ae466b62dd2,Angela Hebert
aa92cbfb-79d8-4263-9da0-a08e0e370773,Sean Jackson
0f7eeb16-14f1-4b6b-8dc9-27dc968cc70d,Janet Griffin
cfa4d8c2-9076-45cd-b55b-4626d2f56b88,Courtney Harrison
60280b05-491d-40c9-8cf3-eb69317ff625,Mark Mitchell
e13ad045-3b7c-4ef4-b502-55617cde1fe9,Robert Lang
d5cc1223-695d-44cb-ae3b-4e8c823d52c5,William Diaz
45f0296c-34bf-4070-9ecd-a34ae031b2ac,John Blackburn
ebcc322e-df7a-47f0-abba-3fc182f9af86,Joseph Mcintyre
edb6d86d-21ec-4997-88ea-65ec939f8289,Donna Garcia
08a06089-2046-445b-936d-5a9f66b890db,Jeffrey Love
951db34c-7223-4718-b72a-fe291569d047,Erik Gordon
a7a5eae6-59a8-4e1f-96f9-a0dde11bbfbd,Mr. Matthew Meyer
4681beff-b19f-4591-b5a9-05cf28cb49ca,Kyle Jones
c9b3cd65-5f5b-4baa-9764-7179c5b42de6,Emily Shelton
f8a62e84-ac2e-43be-b93f-63a2877f1c04,Henry Zamora
e7fbdaa6-502a-48a3-b098-a8bb8c9a0185,Ryan Martinez
ebff884e-c3dd-44f2-81f9-6395982c1f14,Mark Olson
45ba48f0-3213-46a3-9933-2b5ac6464eaa,Rhonda Small
a1aa83d1-b7a3-49eb-b6d1-c85960c9f1f0,Kevin Jenkins
3c5987b3-1a6e-4c5a-8d66-a57e358100a1,Maria Guerrero
3f690b8b-1b1e-4fcf-9764-4e7fd06a56bd,George Garcia
4157b276-89e4-4c9a-9453-60b375eaf603,Marc West
f4be448a-0285-4a79-8af2-68674712f3dc,Troy Lane
de334c8e-f046-46ba-91bc-af58a9cd5c82,John Drake
1f438195-5af9-4f1b-9df7-2fb930dd1d5d,Sarah Ross
a21c2663-de31-4ea6-b26a-d4f99b41fc85,Jacob Brown
2b615604-871c-44f6-ac6f-a34d882ff13d,Tamara Hinton
3e6d0aae-128a-46dd-b2bb-682d29d81b33,Brian Davenport
b19cc5ef-cd6c-4410-95b6-1e8dcffd493e,Annette Turner
51fe7f5b-633a-4fa8-97e8-82c88e5642dd,Jeffrey Durham
dbc5d94a-31dd-4766-9546-fda31236a28f,Timothy Ferguson
2db0364e-51fa-45c2-ae5e-8aecbcd81830,Gina Kim
2ce3fd2c-4677-45ac-8a00-2e0e09aa4cc5,John Roberts
7dc3ee5c-bb59-4c49-9e0e-7772b1502c05,Joseph Boyer
77daa39f-9f17-4bbe-8ead-62557fbe15ef,Danielle Lewis
e5168226-9134-419d-95a0-d3e6ef2ac6e4,Kathy Nichols MD
c9630f62-2c66-4a3b-808a-586dd4d446c5,Susan Humphrey
7f95f116-240b-42c1-bcae-3f995f3d34ee,Sally Olson
2c726fa4-0dd9-4353-bdd9-4c3857a33318,Michael Gonzalez
8bc1e72c-18bc-47e7-9f96-e4519019b7ae,Maria Fields
0f93ccfa-cfaf-4d03-a20f-9cf44e040f1e,Kimberly Jones
6ce56ece-cbb0-49ba-9f82-5279382c2cd8,Brian Mcdonald
437026ce-ae25-4120-874a-5ce1fd90ab1f,Tracy Munoz
9f78daaa-fe57-4534-82bd-b3693081c8dc,Natalie Pearson
2c83083a-c4a4-45e1-9bae-f1948f22c1ca,Teresa Murray
eb786ae8-d42a-4e7c-aee3-6e6a20319318,Lee Hill
e8c171d9-ad2c-40cf-a680-4236a3a920f8,Christy Rios
1d387fd6-085e-4334-b139-643942bb2485,Max Alvarez
782d2cec-bab0-4930-a912-38b26c1d9002,Katherine Berger
ac11feb7-2710-4099-afba-0be3ea9a4ced,Richard Jones
bf20e6a2-60a1-4377-b482-43a8ba9a2ed9,Jonathan Lewis
e60e8f4b-fa18-4eb8-99ff-11e6007a56a8,John Kelly
059fcfa8-954a-491e-b21b-9594c2f2938f,Meagan Robinson
b97acbd1-9e11-4730-990d-19e18dca88a5,Marissa Greer
d65f3749-5fc7-455e-a2d4-8be532473e41,Jeffrey Smith
012cee47-ea44-4cb2-8b4d-8017f6cf867f,Jacob Mosley
77517105-c63f-442d-87e2-d39b6f969948,Christopher Graham
c928eedb-58c6-480b-a2fa-ad700116b75e,Anthony Allen
0fe1e292-07f9-4a94-b89f-f9a2d92f6222,Noah Jones
8b20cfb6-0c1f-4fff-b1af-8ddce9099bd4,Andrew Rosario
e3588243-2ff8-4877-ba42-aebdb6bc9d0e,Henry Harris
3a801ac6-3a77-4841-a7fd-ac1b6351352a,Patrick White
aba81790-ed30-41e2-85bc-cc9ca1a1275b,George Cline
3eb6de44-ef5b-4458-ae4c-9d7be0936bbf,Courtney James
16730ce9-7c87-4db5-8adf-0d584807e08b,Bryan Thomas
638931fb-7fdb-498d-9ab2-96d94cfb90aa,Laura Taylor
a9d7d2a1-1389-45ad-b5f6-b3eda951ad5c,Chelsea Blackburn
12dae73c-373a-4fc3-9740-5fc93691d023,Erin Garcia
d0bc33ce-c6d5-4f1a-8ca3-75585624c603,Michael Figueroa
ee52f7cb-bec3-4941-9dcc-c10f3e6ef0c4,Catherine Robinson
1d605dec-98b5-48b6-977a-c81999813c5a,Jennifer Manning
0ce45d8f-53c6-42a6-95b4-70e88c018149,Kevin Tucker
4492b14c-c9e8-43c9-9a43-a81e2c76d782,Matthew Rogers
b752e2a1-bdc8-41f7-b540-3f6293547989,Nathan Howard
dd297286-4008-466e-ac78-63b99461f021,Tracy Santos
940076c1-6f9f-42c7-9859-d3382730df78,Victor Bullock
5c7c1059-d17a-4378-ae8c-9b07168af429,Kathy Brooks
6778d8b1-70cf-4dc2-9498-fb833b1491d6,Ernest Martinez
f1e6959b-9610-4cde-a0ae-b413ff6b3ccb,Jennifer Johnson
dd052e76-d67b-4392-9bd7-48831feb7d9e,Kathleen Fischer
a6de5185-2952-4ba8-9980-9f39cce7ada6,Amy Dixon
436cf693-aa39-4fd9-acab-4195be8f60cf,Ruben Bennett
615f2077-7f57-4c45-a25c-cf084008dee0,Curtis Moore
aee36034-dfa1-4c53-97ae-f626294e8250,Cheryl Robinson
19fa30b3-15b5-4573-b91f-d1d808d772db,Linda Contreras
98d9e32c-3909-47f9-82d4-66ff53e12099,Michael Davis
6df7e4f0-220f-4029-b479-2cf92d821139,Cynthia Gonzalez
281fa581-9de3-4b27-86fc-f33cf5698bcc,Mitchell Thomas
e7854c7c-fbbc-4800-96e5-8aed2b14503e,Stacy Ferguson
83221d3d-6497-46f6-9aff-c43dc0d10f19,Thomas Valencia
183a9dcd-e27b-43e4-a78f-ee71ec8320e0,Adam Reynolds
04a1e167-faae-4ce3-be95-53ca4a2d4878,Melissa Harris
253c2b1d-9ccf-47ba-9846-357bd8a2976d,Michael Jones
4ec09be1-76b6-48d6-a825-7f4f312dc7b2,Madison Austin
3087cad6-ded5-4d59-a9ff-b35f105f5355,Thomas Peterson
0f5d1d5a-036f-4c6e-8eaf-9951725043ae,Adam Roberts
7c665457-b2ad-4f09-965f-1dcbdb146d19,James Cook
3c69d58f-8bb5-4abb-81c4-943c255f589a,Lindsey Hunter
322ebb04-3135-42ab-8f52-39c8f80a6e2d,Cynthia Johnson
8b9863a8-1eff-4aa0-8ee6-297d84eee16b,Cole Kelly
60593818-415b-4bc9-bdfd-4a7b9682f8c0,Jeanne Morrison
d06751ff-c6c6-4444-9ec5-4e08bb559bd0,Rebecca Thomas
1ac2794f-c98e-4983-8cb3-9dc0717a7e15,John Phillips
589e43b7-9329-405e-832f-45a35b0edffd,Courtney Lee
854c16cc-eb48-4c98-9b6f-fec6b828048e,Jonathan Johnson
a0dc0e99-d46c-4e65-978e-640291e694ef,Jasmine Peterson
38c68df5-0472-4ac5-920c-f7a3c4f28058,Linda Thompson
ea031197-072c-4f3e-9c5a-99277fc559e9,Jay Haley
577f4cc1-60de-4fab-9bf1-b515b00c13dd,Austin Tanner
07ad7b04-e381-4317-a175-518aecd00aac,Krystal Mason
a17a890b-c90d-4657-8549-075859d4773c,Jean Young
86d867b2-4126-4680-afe5-0b1432dfdfff,David Garrett
a28053ba-deb4-4694-be29-7521ec1cc523,Steven Williams
5d52a602-05f4-44e1-9956-14fa91590d9e,Henry French
81e39f77-1111-498b-aedc-696ce4fa74e5,Tina Grant
f0fdeeed-e187-4d68-9350-90ec26ccd9eb,Lawrence Ochoa
5229022f-4b95-4009-b196-e99d5359245c,Edward Whitney
f01c7702-0f46-42da-a169-be5a0c05fdcc,Traci Patel
16ccd0ad-252b-4987-93d1-c4148835829f,Gregory Reynolds
f2ddd0b8-beb0-4048-94f2-9b93539c58bb,Justin Turner DVM
00e86ecb-9e18-48c6-bc0e-a7d07effe7bb,Brittney Bennett
a038ae38-8258-4f3a-9fd6-9e416a961218,William Clark
2c10b6d0-3e79-4448-8371-0b523e8b6b31,Amy Simmons
df6190cf-bcc6-4e98-b4dc-ea8f7357de39,Marc Green
2b63095e-14df-4772-84f1-49f994b2206d,Mark Smith
5db3d487-e8cd-455d-92c5-aa9f658cf282,Kelly Holmes
22280c2a-f906-4f0d-bc8a-7e13184d264c,Monica Bender
73381ae6-f4f4-4524-bfd6-ec4bf9f00fb8,Nicole Perez
9ad654f7-2cce-477f-b152-c1586ba4f8f4,David Curtis
1bd6ef56-3d19-49fe-b8f0-eb83ab24bdeb,Latasha Spencer
f7836158-3c29-4b85-ac23-50a4ee2092aa,Tanner Collier
3c945dd7-28eb-4b54-96f1-781f3c8ad23d,Michael Carter
05d19bea-cc70-4b9d-9ce0-efdfc51a57ff,Ann Dennis
4ff71bd5-1859-4011-8204-96a51b88147c,Daniel Kaufman
69dd8e24-7dc9-42db-8a39-89049797add9,Carrie Mueller
0597a461-be25-4ce8-b631-3f7ab75a6022,Shane Barber
a75c4db6-42c4-4394-8d61-776124105cc4,Robert Everett
97a84a97-44e2-4c1a-938d-9246ab759654,Hannah Benton
894f43fd-79ea-489d-b6a1-8332a7c1ca40,William Garrett
cbc5ddae-579d-4349-be58-010b83fc5449,Andrew Stewart
ca5f60b4-bf0a-49d4-8748-ecdba13242e9,Ashley Ross
e11c4724-9836-4d00-a2c2-40828f8f1a23,Andrew Lester
740a1299-f924-4cd3-84b0-32e857c46fc9,Julie Johnson
03dfb76a-01bb-4aaa-a13d-bcbee90c78d0,Colleen Johnson
b4ea7e8d-72e9-48eb-b8fa-55d051920e21,Dylan Smith
6404b917-fc80-45f3-95ac-b39483f48602,Anthony Rice
394419c4-799f-43d3-ad98-957f60a2a5e5,Dr. Alex Butler MD
90c99b1b-1704-4e2d-b981-ead38d6a9a00,Charlene Robinson
2a8ef485-c8b5-42d0-b176-6ac2cf6eeb68,Brittany Daniels
d67a08b8-f892-4ae3-8d53-23c2078bf1c1,Sabrina Brown
0ae63522-eda8-4116-ab7a-f55ccdf03e65,Cody Perez
6958ac58-c144-49bb-9a6a-1063b74aa430,Jason Ashley
22a5b4a4-2d27-4615-9265-47341890067c,Paul Cohen
36aecd04-4028-4613-9b9a-b657c126c71d,April Morris
22d8f4fe-02e6-4108-8b81-4d403ee311cf,Jason Chung
9bd9b6aa-a7ad-4841-9427-91ed214b8f5a,Christopher Williams
a64ca4ee-6c9c-49dc-a323-637075e99ef6,Lauren Ward
62c6f611-3262-4210-aae8-4ac327705af2,Gina Smith
a458d73f-4fb0-48bd-8f9d-b0c7197573fd,Andrew Cohen
4cfa40ce-3501-4937-9be5-78cf4efbde3c,Daniel Coleman
9f706aad-0ade-478a-b453-336993996a24,Mrs. Karen Martin
7a16c67e-0a44-407b-9189-7e76c503c8b1,Megan Brown
f4bc4e22-afd6-4932-9323-e6406879c5fb,Karen Brooks
d82bdee1-5443-4d99-a5eb-69b050268118,Norman Martin
fb337a13-9997-4de9-a9d7-ebbdfdf44814,Randall Reed
56fa29e3-bd2c-45c2-a2c3-28c16689fff3,Christopher Brown
897a6531-8a2d-4d5d-8706-3e632d6cb717,Sarah Hatfield
c7770612-a22e-4b92-85d2-babfa01c346b,Glenn Galvan
f5200f79-f1c9-4a0e-9c66-294bb8648eaf,Kimberly Butler
f1c20daa-b4db-4701-bccf-fd1f47d556e1,Dominique Gray
3ed41ade-4511-4ddf-825e-4a57c96d09cd,Jacob Brown
c1cb277f-776a-4101-b664-1b5b2589da2a,Nicholas Jones
122fd1cf-807e-4844-8571-aa2e1664a408,Erika Roy
b8903617-e91d-4056-a658-cb2d374059c1,Caitlin Vasquez
f58dc42f-344d-4f98-8409-eef0fc768e5a,Timothy Waller
c390f485-e6e5-4640-bf55-d21f2ab34ffd,Ricky Lawson
fe51be45-08ed-4f0b-8e02-59d8feff8466,Mr. Jonathan Taylor
2dc1e435-8a38-4be0-b3cc-52fb73654080,Claudia Jones
c614f424-31fa-4f83-94e3-51843609a2b8,Michael Gray
a1a9de30-ed0a-48f7-bb4d-8b2f9b756aa6,Don Duran
08088347-f278-45fd-b1e2-7b85e1b43385,Hannah Ross
f9c7244f-8776-4b8d-9fc7-356b66dc61dc,Johnny Ward
049519bc-f669-43c5-9344-6b8c0739368e,Alyssa Riddle
d8488c9c-9cbc-46f3-9592-1997326f2035,Seth Atkinson
919c958d-d249-45ef-967e-5241db71135a,Scott Jackson
a79462ef-5099-4ed2-9900-e19247c45345,Sonia Barnes
420e907a-a21c-4469-b7c3-91228e356464,Mr. Joe Lane
d3fdfded-e46a-43c9-9f47-cbc5bb41caba,Teresa Summers
f0ee9c3e-982d-411c-924f-9e13611a6662,Carlos Campbell
d2851018-1942-449f-914e-8afceb124be8,Hannah Anderson MD
8c00fea9-b944-448b-8be3-40291ba3305b,Jennifer Cantu
90ad54a1-31bf-4df8-9500-4bfe7104cf6c,Dustin Andrade
653be603-6e2a-4c71-8cd9-4e334a531395,Jason Henderson
e3706083-e40a-43c6-b9a1-a2b59949f7ab,Joshua Smith
7361dbb0-aa55-46fc-a08e-8528ed1e6c6d,Rebecca Bradley
b99d0e34-14c6-467b-bed8-2108ce4909e8,Melissa Lopez
e2dda22a-53e6-465a-943a-56701f14b38d,Mrs. Stephanie Riley
78c0189c-a5d2-41ca-8879-400e4a7dfbbf,Wyatt Hickman
376e30eb-8426-40c5-8cf4-31985f936adb,David Webb
76b3c29a-d994-4c09-afb9-dc7039308f9d,Kevin Wheeler
e2a348b4-0ecc-492f-9ebf-ca6a62e07d3b,Christopher Benitez
eb26b47a-8976-420c-a123-7a7b30991f84,George Ortiz
709a98cc-8d51-402a-959f-7e9e1f79ad72,Dr. Ryan Wright
e26dc7d8-8b5c-4d4b-bd44-d335ca05f076,Michael Briggs
984162ae-7349-4877-bd53-1df7424fc829,Nicole Smith
bf57b87f-d7c0-46e3-9b66-9e85dc9832c8,Don Valencia
8be0ff82-68cc-472c-9c32-165ae4bc8b83,Brittany Hernandez
f4512729-1009-4be4-bf77-cde258148b45,Susan Taylor
d263cfff-b595-41eb-810d-c14b83ac47a1,Sean Manning
87afbb78-6a22-4bf1-9735-961062c3f7d3,Veronica Farmer
680fc5ad-0e87-4765-b7e3-974b283ee2fd,Jean Adams
6ac30be2-8293-470e-a177-019cea7c253c,Jessica Griffin
26e4df9a-7db5-4e48-ab13-f17746701a2f,Daniel Nelson
c8fce6eb-93f8-4ae7-afce-f2fbb0657f89,Jeffrey Brandt
d229db6b-ab97-41fe-8de8-a41c89178ae3,Stephen Sloan
add13d61-6178-4ee1-b113-77fadd2e6a6d,Richard Stone
a43e7acc-49dc-4b37-b310-7951feceac29,Carl Sanchez
8da2cc32-dc4a-4757-84e6-22a00cb8b3dc,Diane Vazquez
aba21f39-f226-4f90-90b0-89659b3063c0,Lynn Smith
d694b090-ae3d-4b34-868f-52a86dbaf743,Wyatt Carter
3c727d59-cc07-4f0a-af1a-821d09c095de,Amber Small
52b99459-a7db-4bda-ad01-5810d6f4e827,Kayla Brown
dbda69f0-6641-4deb-8332-5cea4bc47cb2,Kelsey Miller
e6086f97-2237-403d-a834-0751acb263e2,Sarah Franklin
3b447075-a1c3-423e-a453-c3364f89b97e,Traci Hicks
a60d79c4-9263-4b4f-8fb8-16b574342b4b,Crystal Porter
853c1fdc-1981-408d-9666-00247939075d,Bethany Baker
19120ad7-c0a4-4fb2-a28b-8b3b54e673f1,Mark Brown MD
35705e6d-e6ef-4dbe-9235-d3358bde1311,Jared White
f4e1e2de-09c1-4c0c-b5df-e4090d55ae0e,Robert Cortez
8cc194df-b62d-4acf-b73a-8d99129aec38,Matthew Carrillo
6c5d6b86-6298-4f12-b57d-d268c015b1d0,Kaitlyn Taylor
84a603d8-b759-4e51-98c1-cf2d909d52c9,Matthew Green
4a266041-224d-45c2-9e2b-0b03e25a547d,Jacqueline Wilson
fc066fa8-ffab-4d44-86b7-231c196ceb4e,Brandy Joseph
57070d9e-f090-463e-b5ef-d7d45f485d68,Matthew Roberts
92688898-1a6e-4660-8f4b-0567b9e49b1c,Mr. Nathan Petersen
9696909f-5faa-466f-9dda-ddbf88d088a9,Kevin Mcguire
ba171918-a64c-4356-b71c-809a6f04b0b0,Shawn Baker
c3cec125-c605-4c64-9c48-91b3107fe2b4,Jacob Ingram
7c3cf44d-3a54-43ec-80d1-1cf86fa1501f,Andrew Hicks
32d22116-c646-4eac-9cd1-6393ece53be7,Jeffrey Cannon
e232fcde-de06-4eec-8510-2ed57d7fb74c,Hunter Dean
9a5ef77e-fd61-4888-869b-ba16841a9e21,Stephanie Castillo
8a99502a-e2c9-4442-b2a6-b38ca1c001bc,Kelli Nash
92fa1466-4d20-4199-ab9e-c92ac684aa1d,Stephanie Price
614a3512-a9f0-4706-9f0c-7113ed140f1d,Dylan Anderson
7a056e45-377a-4320-a3a8-3249600aeeb3,Melissa Pearson
2b69dd8a-10a0-4740-89a6-ee18071500cf,Sara Dominguez
e7bdf49b-a78b-43b7-acc9-2cdfe36961e5,Jessica Lewis
5fb046ec-4a33-41ce-9418-03c8833ff157,Mark Guzman
223aae2b-4f13-4dd5-98b1-0f55a5d44a03,Rebecca Flores
a9c02db8-387d-4b81-8fdd-5aba9df81d5e,Shawna Williamson
e2e01681-668e-47d6-a3dc-5c0d07a73ac3,Heather Lara
5121c012-07ee-40b4-bd3d-d860d6a83215,David Black
3744ce13-0463-4d23-83ba-382ba6a4d232,Lauren Hill
dfa30bd4-e66b-458a-afbb-286186422081,Amanda Vance
f30d1d00-9f4f-41e9-a41d-e2adf77e92ae,Kimberly Morris
a6326f2b-0d30-4d1f-b2c9-f2c024178e3b,Anthony Wells
c86752bc-93ea-4c44-8a7b-f11ec7c19574,David Perry
62ee192c-ea11-4485-a995-892e1d817fd4,Elizabeth Walker
037d5063-77d9-40c5-ad15-7945d0ef3f24,Michael Porter
4bada9e1-af92-41f9-a470-afd2159d09ce,Brittany Peterson
b960f0b6-f968-4ce8-9021-41c0d9f13720,Dustin Sanchez
325842a8-fb25-44cf-8bf3-91cc992ee146,Erin Flores PhD
ecf9b39a-e9e0-41da-af71-5918ddb7c543,Kimberly Wood
82f1a8c9-4627-4a58-a6d3-89ac7b444fc7,Casey Miller
a2c89fb7-a9ac-4b33-9169-073eee8264e7,David Freeman
5623f173-6849-4242-8576-383064894d9a,Kristina Garcia
9646ac9a-9a9f-435e-a21c-c07dceb0d2b3,Brian Lopez
110535cd-b723-41c9-b173-6b5c04d8691c,Eric Adams
8f6a5886-6971-4248-851b-16283ac0ca52,Daniel Stevenson
25bdeb8b-c948-4c7e-a4fa-85723b7722cb,Connor Watson
6828c708-8398-4699-a511-3b8b847a2b4d,Theresa Williams
a8ee29fb-ef10-492e-bcf8-9f265efee90c,Michael Harper
8dcc0bfe-3dfe-4928-af27-782ff0525ab1,Annette Oliver
cfe562d6-8264-4f71-bce7-8abb31b486f4,David Grant
dc5e486a-53e0-415b-bc8d-f114adb469fb,Brian Porter
57da85b4-b6d6-480f-ab65-ad5c235fbd5e,Tamara Wallace
f0cbc92c-2493-4ab1-8ed3-1bf7b9ec3326,Alicia Blake
fad89133-f111-42ae-abdb-e2707971add6,Steven Reyes
dc4a34b5-0183-46ef-9f06-ab39b67fd380,Kathleen Lucas
b0b16816-6634-4ce2-a705-3440a9110834,Robert Anthony
87a5d331-79d7-4de7-836d-c0edf2bd98e5,Stephanie Powers
8ec833dd-1845-48ab-95bd-6c77966c47fe,Lisa Roberson
7bed5399-1ed5-47c7-8047-ca5d1ddc2dd1,Maria Adams
9743377c-a8ab-441c-b639-f0da63769f67,Michele Moore
b013121c-e984-47a0-bad4-774326b84026,Mary Lambert
b1a1cfeb-75de-40dc-8dd2-67dfe53364ae,Miss Jacqueline Green
f464a978-fd0d-489f-94ce-3c80cdb0c91e,Lauren Waller
f97d1811-3057-4807-9d62-b360e2fe4f1e,Nicole Johnson
1559f5a7-982f-43a6-aa7b-d76eaaa55ea5,Jason Richards
67dcda9b-352c-4815-9a16-8aeb386601c3,Nicholas Benson
5112be72-12dc-4c1c-8b86-b332315d082c,Melissa Webb
3a36d73b-7904-4198-a60f-b6a8d1a880b7,Timothy Young
44e54911-173b-4af2-b402-ea5bc7a5b81b,Jennifer Porter
220422e4-b8de-4700-80fb-3b1333bec461,Thomas Burnett
93dd801b-03f7-4049-acc1-25591f77ad6a,Diana Taylor
6141a089-f416-43eb-916d-c96c2712e191,Megan Sharp
df8b3d2d-6ab8-4468-8b30-858198163010,Tamara Berry
b9bdae79-bee4-4aa9-b1b5-4e07dc528652,Ray Mitchell
b6428b20-3dd4-4785-9f01-068708f751e2,Diana Rogers
09a1371b-828b-4b14-92ab-6b00d6c86e41,Natasha Carter
2f9efc8a-5487-4f7f-8be5-763b17f1933a,Douglas Vasquez
ea8aec45-fbcf-405b-aa88-4c83919e7bb5,Benjamin Jackson
b0c211c3-5640-460c-84ac-41529569050b,Alyssa Cruz
085bc5ae-705e-4339-8999-99940f002ccd,Sarah Yoder
1605c145-aabd-4d8a-9ff4-49757377e8cd,Jeffrey Woods
35b98c24-bd3c-46f6-a4fd-48db569ce9e8,John Dunn
e039108f-3470-4e8e-9ea3-5122de27e2d6,Anthony Ramsey
5927c7c6-4aa3-45d1-904e-b2635a9a2e3c,Sherry Thomas
